0,2018-01-16 19:02:21.247525+09:00,fl0ckfl0ck.info,104.251.215.87,8.8.8.8
1,2018-01-16 20:02:21.250314+09:00,fl0ckfl0ck.info,104.251.215.87,8.8.8.8
2,2018-01-16 21:02:21.252423+09:00,fl0ckfl0ck.info,104.251.215.87,8.8.8.8
3,2018-01-16 22:02:21.254733+09:00,fl0ckfl0ck.info,104.251.215.87,8.8.8.8
4,2018-01-16 23:02:21.257096+09:00,fl0ckfl0ck.info,104.251.215.87,8.8.8.8
5,2018-01-17 00:02:21.288788+09:00,fl0ckfl0ck.info,104.251.215.87,8.8.8.8
6,2018-01-17 01:02:21.291359+09:00,fl0ckfl0ck.info,104.251.215.87,8.8.8.8
7,2018-01-17 02:02:21.293636+09:00,fl0ckfl0ck.info,104.251.215.87,8.8.8.8
8,2018-01-17 03:02:21.325509+09:00,fl0ckfl0ck.info,104.251.215.87,8.8.8.8
9,2018-01-17 04:02:21.332405+09:00,fl0ckfl0ck.info,104.251.215.87,8.8.8.8
10,2018-01-17 05:02:21.367909+09:00,fl0ckfl0ck.info,104.251.215.87,8.8.8.8
11,2018-01-17 06:02:21.370579+09:00,fl0ckfl0ck.info,104.251.215.87,8.8.8.8
12,2018-01-17 07:02:21.373221+09:00,fl0ckfl0ck.info,104.251.215.87,8.8.8.8
13,2018-01-17 08:02:21.404890+09:00,fl0ckfl0ck.info,104.251.215.87,8.8.8.8
14,2018-01-17 09:02:21.407829+09:00,fl0ckfl0ck.info,104.251.215.87,8.8.8.8
15,2018-01-17 10:02:21.410537+09:00,fl0ckfl0ck.info,104.251.215.87,8.8.8.8
16,2018-01-17 11:02:21.413192+09:00,fl0ckfl0ck.info,104.251.215.87,8.8.8.8
17,2018-01-17 12:02:21.416063+09:00,fl0ckfl0ck.info,104.251.215.87,8.8.8.8
18,2018-01-17 13:02:21.446575+09:00,fl0ckfl0ck.info,104.251.215.87,8.8.8.8
19,2018-01-17 14:02:21.449225+09:00,fl0ckfl0ck.info,104.251.215.87,8.8.8.8
20,2018-01-17 15:02:21.451919+09:00,fl0ckfl0ck.info,104.251.215.87,8.8.8.8
21,2018-01-17 16:02:21.454677+09:00,fl0ckfl0ck.info,104.251.215.87,8.8.8.8
22,2018-01-17 17:02:21.457788+09:00,fl0ckfl0ck.info,104.251.215.87,8.8.8.8
23,2018-01-17 18:02:21.460861+09:00,fl0ckfl0ck.info,104.251.215.87,8.8.8.8
24,2018-01-17 19:02:21.467407+09:00,fl0ckfl0ck.info,104.251.215.87,8.8.8.8
25,2018-01-17 20:02:21.470451+09:00,fl0ckfl0ck.info,104.251.215.87,8.8.8.8
26,2018-01-17 21:02:21.473532+09:00,fl0ckfl0ck.info,104.251.215.87,8.8.8.8
27,2018-01-17 22:02:21.476243+09:00,fl0ckfl0ck.info,104.251.215.87,8.8.8.8
28,2018-01-17 23:02:21.479550+09:00,fl0ckfl0ck.info,104.251.215.87,8.8.8.8
29,2018-01-18 00:02:21.519416+09:00,fl0ckfl0ck.info,211.196.28.144,8.8.8.8
30,2018-01-18 01:02:21.521973+09:00,fl0ckfl0ck.info,104.251.215.87,8.8.8.8
31,2018-01-18 02:02:21.525411+09:00,fl0ckfl0ck.info,104.251.215.87,8.8.8.8
32,2018-01-18 03:02:21.528040+09:00,fl0ckfl0ck.info,104.251.215.87,8.8.8.8
33,2018-01-18 04:02:21.530576+09:00,fl0ckfl0ck.info,104.251.215.87,8.8.8.8
34,2018-01-18 05:02:21.533831+09:00,fl0ckfl0ck.info,104.251.215.87,8.8.8.8
35,2018-01-18 06:02:21.537125+09:00,fl0ckfl0ck.info,104.251.215.87,8.8.8.8
36,2018-01-18 07:02:21.567710+09:00,fl0ckfl0ck.info,211.196.28.144,8.8.8.8
37,2018-01-18 08:02:21.570848+09:00,fl0ckfl0ck.info,104.251.215.87,8.8.8.8
38,2018-01-18 09:02:21.612153+09:00,fl0ckfl0ck.info,211.196.28.144,8.8.8.8
39,2018-01-18 10:02:21.657528+09:00,fl0ckfl0ck.info,211.196.28.144,8.8.8.8
40,2018-01-18 11:02:21.688945+09:00,fl0ckfl0ck.info,211.196.28.144,8.8.8.8
41,2018-01-18 12:02:21.719101+09:00,fl0ckfl0ck.info,211.196.28.144,8.8.8.8
42,2018-01-18 13:02:21.841082+09:00,fl0ckfl0ck.info,202.179.177.21,8.8.8.8
43,2018-01-18 14:02:21.873916+09:00,fl0ckfl0ck.info,202.179.177.21,8.8.8.8
44,2018-01-18 15:02:21.914897+09:00,fl0ckfl0ck.info,202.179.177.21,8.8.8.8
45,2018-01-18 16:02:21.945931+09:00,fl0ckfl0ck.info,202.179.177.21,8.8.8.8
46,2018-01-18 17:02:21.978040+09:00,fl0ckfl0ck.info,202.179.177.21,8.8.8.8
47,2018-01-18 18:02:22.090944+09:00,fl0ckfl0ck.info,202.179.177.21,8.8.8.8
48,2018-01-18 19:02:22.126597+09:00,fl0ckfl0ck.info,202.179.177.21,8.8.8.8
49,2018-01-18 20:02:22.158332+09:00,fl0ckfl0ck.info,202.179.177.21,8.8.8.8
50,2018-01-18 21:02:22.190887+09:00,fl0ckfl0ck.info,202.179.177.21,8.8.8.8
51,2018-01-18 22:02:22.222262+09:00,fl0ckfl0ck.info,202.179.177.21,8.8.8.8
52,2018-01-18 23:02:22.258820+09:00,fl0ckfl0ck.info,202.179.177.21,8.8.8.8
53,2018-01-19 00:02:22.290418+09:00,fl0ckfl0ck.info,202.179.177.21,8.8.8.8
54,2018-01-19 01:02:22.321558+09:00,fl0ckfl0ck.info,202.179.177.21,8.8.8.8
55,2018-01-19 02:02:22.352819+09:00,fl0ckfl0ck.info,202.179.177.21,8.8.8.8
56,2018-01-19 03:02:22.384050+09:00,fl0ckfl0ck.info,202.179.177.21,8.8.8.8
57,2018-01-19 04:02:22.415394+09:00,fl0ckfl0ck.info,202.179.177.21,8.8.8.8
58,2018-01-19 05:02:22.446277+09:00,fl0ckfl0ck.info,202.179.177.21,8.8.8.8
59,2018-01-19 06:02:22.477320+09:00,fl0ckfl0ck.info,202.179.177.21,8.8.8.8
60,2018-01-19 07:02:22.509031+09:00,fl0ckfl0ck.info,202.179.177.21,8.8.8.8
61,2018-01-19 08:02:22.621821+09:00,fl0ckfl0ck.info,202.179.177.21,8.8.8.8
62,2018-01-19 09:02:22.653069+09:00,fl0ckfl0ck.info,202.179.177.21,8.8.8.8
63,2018-01-19 10:02:22.683639+09:00,fl0ckfl0ck.info,202.179.177.21,8.8.8.8
64,2018-01-19 11:02:22.714400+09:00,fl0ckfl0ck.info,202.179.177.21,8.8.8.8
65,2018-01-19 12:02:22.745886+09:00,fl0ckfl0ck.info,202.179.177.21,8.8.8.8
66,2018-01-19 13:02:22.859419+09:00,fl0ckfl0ck.info,202.179.177.21,8.8.8.8
67,2018-01-19 14:02:22.893635+09:00,fl0ckfl0ck.info,202.179.177.21,8.8.8.8
68,2018-01-19 15:02:22.925010+09:00,fl0ckfl0ck.info,202.179.177.21,8.8.8.8
69,2018-01-19 16:02:22.955950+09:00,fl0ckfl0ck.info,202.179.177.21,8.8.8.8
70,2018-01-19 17:02:22.986783+09:00,fl0ckfl0ck.info,202.179.177.21,8.8.8.8
71,2018-01-19 18:02:23.018050+09:00,fl0ckfl0ck.info,202.179.177.21,8.8.8.8
72,2018-01-19 19:02:23.049722+09:00,fl0ckfl0ck.info,202.179.177.21,8.8.8.8
73,2018-01-19 20:02:23.080431+09:00,fl0ckfl0ck.info,202.179.177.21,8.8.8.8
74,2018-01-19 21:02:23.111629+09:00,fl0ckfl0ck.info,202.179.177.21,8.8.8.8
75,2018-01-19 22:02:23.142803+09:00,fl0ckfl0ck.info,202.179.177.21,8.8.8.8
76,2018-01-19 23:02:23.175011+09:00,fl0ckfl0ck.info,202.179.177.21,8.8.8.8
77,2018-01-20 00:02:23.205802+09:00,fl0ckfl0ck.info,202.179.177.21,8.8.8.8
78,2018-01-20 01:02:23.237055+09:00,fl0ckfl0ck.info,202.179.177.21,8.8.8.8
79,2018-01-20 02:02:23.270873+09:00,fl0ckfl0ck.info,202.179.177.21,8.8.8.8
80,2018-01-20 03:02:23.302638+09:00,fl0ckfl0ck.info,202.179.177.21,8.8.8.8
81,2018-01-20 04:02:24.336557+09:00,fl0ckfl0ck.info,202.179.177.21,8.8.8.8
82,2018-01-20 05:02:24.367346+09:00,fl0ckfl0ck.info,202.179.177.21,8.8.8.8
83,2018-01-20 06:02:24.456581+09:00,fl0ckfl0ck.info,202.179.177.21,8.8.8.8
84,2018-01-20 07:02:24.487562+09:00,fl0ckfl0ck.info,202.179.177.21,8.8.8.8
85,2018-01-20 08:02:24.518512+09:00,fl0ckfl0ck.info,202.179.177.21,8.8.8.8
86,2018-01-20 09:02:24.549226+09:00,fl0ckfl0ck.info,202.179.177.21,8.8.8.8
87,2018-01-20 10:02:24.579772+09:00,fl0ckfl0ck.info,202.179.177.21,8.8.8.8
88,2018-01-20 11:02:24.610364+09:00,fl0ckfl0ck.info,202.179.177.21,8.8.8.8
89,2018-01-20 12:02:24.724667+09:00,fl0ckfl0ck.info,202.179.177.21,8.8.8.8
90,2018-01-20 13:02:24.756750+09:00,fl0ckfl0ck.info,202.179.177.21,8.8.8.8
91,2018-01-20 14:02:24.788438+09:00,fl0ckfl0ck.info,202.179.177.21,8.8.8.8
92,2018-01-20 15:02:24.825857+09:00,fl0ckfl0ck.info,202.179.177.21,8.8.8.8
93,2018-01-20 16:02:24.858064+09:00,fl0ckfl0ck.info,202.179.177.21,8.8.8.8
94,2018-01-20 17:02:24.894527+09:00,fl0ckfl0ck.info,202.179.177.21,8.8.8.8
95,2018-01-20 18:02:25.075037+09:00,fl0ckfl0ck.info,202.179.177.21,8.8.8.8
96,2018-01-20 19:02:25.163710+09:00,fl0ckfl0ck.info,202.179.177.21,8.8.8.8
97,2018-01-20 20:02:25.194524+09:00,fl0ckfl0ck.info,202.179.177.21,8.8.8.8
98,2018-01-20 21:02:25.309007+09:00,fl0ckfl0ck.info,202.179.177.21,8.8.8.8
99,2018-01-20 22:02:25.339481+09:00,fl0ckfl0ck.info,202.179.177.21,8.8.8.8
100,2018-01-20 23:02:25.370494+09:00,fl0ckfl0ck.info,202.179.177.21,8.8.8.8
101,2018-01-21 00:02:25.407220+09:00,fl0ckfl0ck.info,202.179.177.21,8.8.8.8
102,2018-01-21 01:02:25.518790+09:00,fl0ckfl0ck.info,202.179.177.21,8.8.8.8
103,2018-01-21 02:02:25.555443+09:00,fl0ckfl0ck.info,202.179.177.21,8.8.8.8
104,2018-01-21 03:02:25.646532+09:00,fl0ckfl0ck.info,202.179.177.21,8.8.8.8
105,2018-01-21 04:02:25.677632+09:00,fl0ckfl0ck.info,202.179.177.21,8.8.8.8
106,2018-01-21 05:02:25.710528+09:00,fl0ckfl0ck.info,202.179.177.21,8.8.8.8
107,2018-01-21 06:02:25.746728+09:00,fl0ckfl0ck.info,202.179.177.21,8.8.8.8
108,2018-01-21 07:02:25.777846+09:00,fl0ckfl0ck.info,202.179.177.21,8.8.8.8
109,2018-01-21 08:02:25.890039+09:00,fl0ckfl0ck.info,202.179.177.21,8.8.8.8
110,2018-01-21 09:02:26.003431+09:00,fl0ckfl0ck.info,202.179.177.21,8.8.8.8
111,2018-01-21 10:02:26.034333+09:00,fl0ckfl0ck.info,202.179.177.21,8.8.8.8
112,2018-01-21 11:02:26.067264+09:00,fl0ckfl0ck.info,202.179.177.21,8.8.8.8
113,2018-01-21 12:02:26.180851+09:00,fl0ckfl0ck.info,202.179.177.21,8.8.8.8
114,2018-01-21 13:02:26.293741+09:00,fl0ckfl0ck.info,202.179.177.21,8.8.8.8
115,2018-01-21 14:02:26.405269+09:00,fl0ckfl0ck.info,202.179.177.21,8.8.8.8
116,2018-01-21 15:02:26.436173+09:00,fl0ckfl0ck.info,202.179.177.21,8.8.8.8
117,2018-01-21 16:02:26.467800+09:00,fl0ckfl0ck.info,202.179.177.21,8.8.8.8
118,2018-01-21 17:02:26.499215+09:00,fl0ckfl0ck.info,202.179.177.21,8.8.8.8
119,2018-01-21 18:02:26.530267+09:00,fl0ckfl0ck.info,202.179.177.21,8.8.8.8
120,2018-01-21 19:02:26.561314+09:00,fl0ckfl0ck.info,202.179.177.21,8.8.8.8
121,2018-01-21 20:02:26.646753+09:00,fl0ckfl0ck.info,202.179.177.21,8.8.8.8
122,2018-01-21 21:02:26.678123+09:00,fl0ckfl0ck.info,202.179.177.21,8.8.8.8
123,2018-01-21 22:02:26.763486+09:00,fl0ckfl0ck.info,202.179.177.21,8.8.8.8
124,2018-01-21 23:02:26.795946+09:00,fl0ckfl0ck.info,202.179.177.21,8.8.8.8
125,2018-01-22 00:02:26.826980+09:00,fl0ckfl0ck.info,202.179.177.21,8.8.8.8
126,2018-01-22 01:02:26.858693+09:00,fl0ckfl0ck.info,202.179.177.21,8.8.8.8
127,2018-01-22 02:02:26.889918+09:00,fl0ckfl0ck.info,202.179.177.21,8.8.8.8
128,2018-01-22 03:02:27.002496+09:00,fl0ckfl0ck.info,202.179.177.21,8.8.8.8
129,2018-01-22 04:02:27.035768+09:00,fl0ckfl0ck.info,202.179.177.21,8.8.8.8
130,2018-01-22 05:02:27.067559+09:00,fl0ckfl0ck.info,202.179.177.21,8.8.8.8
131,2018-01-22 06:02:27.101481+09:00,fl0ckfl0ck.info,202.179.177.21,8.8.8.8
132,2018-01-22 07:02:27.133150+09:00,fl0ckfl0ck.info,202.179.177.21,8.8.8.8
133,2018-01-22 08:02:27.165498+09:00,fl0ckfl0ck.info,202.179.177.21,8.8.8.8
134,2018-01-22 09:02:27.276070+09:00,fl0ckfl0ck.info,202.179.177.21,8.8.8.8
135,2018-01-22 10:02:27.307345+09:00,fl0ckfl0ck.info,202.179.177.21,8.8.8.8
136,2018-01-22 11:02:27.337459+09:00,fl0ckfl0ck.info,202.179.177.21,8.8.8.8
137,2018-01-22 12:02:27.367950+09:00,fl0ckfl0ck.info,202.179.177.21,8.8.8.8
138,2018-01-22 13:02:27.479202+09:00,fl0ckfl0ck.info,202.179.177.21,8.8.8.8
139,2018-01-22 14:02:27.509974+09:00,fl0ckfl0ck.info,202.179.177.21,8.8.8.8
140,2018-01-22 15:02:27.541809+09:00,fl0ckfl0ck.info,202.179.177.21,8.8.8.8
141,2018-01-22 16:02:27.572705+09:00,fl0ckfl0ck.info,202.179.177.21,8.8.8.8
142,2018-01-22 17:02:27.605587+09:00,fl0ckfl0ck.info,202.179.177.21,8.8.8.8
143,2018-01-22 18:02:27.636824+09:00,fl0ckfl0ck.info,202.179.177.21,8.8.8.8
144,2018-01-22 19:02:27.668757+09:00,fl0ckfl0ck.info,202.179.177.21,8.8.8.8
145,2018-01-22 20:02:27.701598+09:00,fl0ckfl0ck.info,202.179.177.21,8.8.8.8
146,2018-01-22 21:02:27.882515+09:00,fl0ckfl0ck.info,202.179.177.21,8.8.8.8
147,2018-01-22 22:02:27.913163+09:00,fl0ckfl0ck.info,202.179.177.21,8.8.8.8
148,2018-01-22 23:02:27.943981+09:00,fl0ckfl0ck.info,202.179.177.21,8.8.8.8
149,2018-01-23 00:02:27.975567+09:00,fl0ckfl0ck.info,202.179.177.21,8.8.8.8
150,2018-01-23 01:02:28.007275+09:00,fl0ckfl0ck.info,202.179.177.21,8.8.8.8
151,2018-01-23 02:02:28.037820+09:00,fl0ckfl0ck.info,202.179.177.21,8.8.8.8
152,2018-01-23 03:02:28.069581+09:00,fl0ckfl0ck.info,202.179.177.21,8.8.8.8
153,2018-01-23 04:02:28.101392+09:00,fl0ckfl0ck.info,202.179.177.21,8.8.8.8
154,2018-01-23 05:02:28.133803+09:00,fl0ckfl0ck.info,202.179.177.21,8.8.8.8
155,2018-01-23 06:02:28.223100+09:00,fl0ckfl0ck.info,202.179.177.21,8.8.8.8
156,2018-01-23 07:02:28.253719+09:00,fl0ckfl0ck.info,202.179.177.21,8.8.8.8
157,2018-01-23 08:02:28.285920+09:00,fl0ckfl0ck.info,202.179.177.21,8.8.8.8
158,2018-01-23 09:02:28.317572+09:00,fl0ckfl0ck.info,202.179.177.21,8.8.8.8
159,2018-01-23 10:02:28.348607+09:00,fl0ckfl0ck.info,202.179.177.21,8.8.8.8
160,2018-01-23 11:02:28.380901+09:00,fl0ckfl0ck.info,202.179.177.21,8.8.8.8
161,2018-01-23 12:02:28.492037+09:00,fl0ckfl0ck.info,202.179.177.21,8.8.8.8
162,2018-01-23 13:02:28.524031+09:00,fl0ckfl0ck.info,202.179.177.21,8.8.8.8
163,2018-01-23 14:02:28.563924+09:00,fl0ckfl0ck.info,120.50.131.112,8.8.8.8
164,2018-01-23 15:02:28.603751+09:00,fl0ckfl0ck.info,120.50.131.112,8.8.8.8
165,2018-01-23 16:02:28.719116+09:00,fl0ckfl0ck.info,120.50.131.112,8.8.8.8
166,2018-01-23 17:02:28.833397+09:00,fl0ckfl0ck.info,120.50.131.112,8.8.8.8
167,2018-01-23 18:02:28.865585+09:00,fl0ckfl0ck.info,120.50.131.112,8.8.8.8
168,2018-01-23 19:02:28.899736+09:00,fl0ckfl0ck.info,120.50.131.112,8.8.8.8
169,2018-01-23 20:02:28.939638+09:00,fl0ckfl0ck.info,120.50.131.112,8.8.8.8
170,2018-01-23 21:02:28.977971+09:00,fl0ckfl0ck.info,120.50.131.112,8.8.8.8
171,2018-01-23 22:02:29.008888+09:00,fl0ckfl0ck.info,120.50.131.112,8.8.8.8
172,2018-01-23 23:02:29.191577+09:00,fl0ckfl0ck.info,120.50.131.112,8.8.8.8
173,2018-01-24 00:02:29.224358+09:00,fl0ckfl0ck.info,120.50.131.112,8.8.8.8
174,2018-01-24 01:02:29.405801+09:00,fl0ckfl0ck.info,120.50.131.112,8.8.8.8
175,2018-01-24 02:02:29.438069+09:00,fl0ckfl0ck.info,120.50.131.112,8.8.8.8
176,2018-01-24 03:02:29.469850+09:00,fl0ckfl0ck.info,120.50.131.112,8.8.8.8
177,2018-01-24 04:02:29.501238+09:00,fl0ckfl0ck.info,120.50.131.112,8.8.8.8
178,2018-01-24 05:02:29.532264+09:00,fl0ckfl0ck.info,120.50.131.112,8.8.8.8
179,2018-01-24 06:02:29.563188+09:00,fl0ckfl0ck.info,120.50.131.112,8.8.8.8
180,2018-01-24 07:02:29.594365+09:00,fl0ckfl0ck.info,120.50.131.112,8.8.8.8
181,2018-01-24 08:02:29.624785+09:00,fl0ckfl0ck.info,120.50.131.112,8.8.8.8
182,2018-01-24 09:02:29.655966+09:00,fl0ckfl0ck.info,120.50.131.112,8.8.8.8
183,2018-01-24 10:02:29.687087+09:00,fl0ckfl0ck.info,120.50.131.112,8.8.8.8
184,2018-01-24 11:02:29.718704+09:00,fl0ckfl0ck.info,120.50.131.112,8.8.8.8
185,2018-01-24 12:02:29.830562+09:00,fl0ckfl0ck.info,120.50.131.112,8.8.8.8
186,2018-01-24 13:02:29.862112+09:00,fl0ckfl0ck.info,120.50.131.112,8.8.8.8
187,2018-01-24 14:02:29.894821+09:00,fl0ckfl0ck.info,120.50.131.112,8.8.8.8
188,2018-01-24 15:02:29.926090+09:00,fl0ckfl0ck.info,120.50.131.112,8.8.8.8
189,2018-01-24 16:02:29.956928+09:00,fl0ckfl0ck.info,120.50.131.112,8.8.8.8
190,2018-01-24 17:02:29.988747+09:00,fl0ckfl0ck.info,120.50.131.112,8.8.8.8
191,2018-01-24 18:02:30.020433+09:00,fl0ckfl0ck.info,120.50.131.112,8.8.8.8
192,2018-01-24 19:02:30.051911+09:00,fl0ckfl0ck.info,120.50.131.112,8.8.8.8
193,2018-01-24 20:02:30.087846+09:00,fl0ckfl0ck.info,120.50.131.112,8.8.8.8
194,2018-01-24 21:02:30.126653+09:00,fl0ckfl0ck.info,120.50.131.112,8.8.8.8
195,2018-01-24 22:02:30.159306+09:00,fl0ckfl0ck.info,120.50.131.112,8.8.8.8
196,2018-01-24 23:02:30.190866+09:00,fl0ckfl0ck.info,120.50.131.112,8.8.8.8
197,2018-01-25 00:02:30.280834+09:00,fl0ckfl0ck.info,120.50.131.112,8.8.8.8
198,2018-01-25 01:02:30.314012+09:00,fl0ckfl0ck.info,120.50.131.112,8.8.8.8
199,2018-01-25 02:02:30.398585+09:00,fl0ckfl0ck.info,120.50.131.112,8.8.8.8
200,2018-01-25 03:02:30.430256+09:00,fl0ckfl0ck.info,120.50.131.112,8.8.8.8
201,2018-01-25 04:02:30.447155+09:00,fl0ckfl0ck.info,120.50.131.112,8.8.8.8
202,2018-01-25 05:02:30.479417+09:00,fl0ckfl0ck.info,120.50.131.112,8.8.8.8
203,2018-01-25 06:02:30.510657+09:00,fl0ckfl0ck.info,120.50.131.112,8.8.8.8
204,2018-01-25 07:02:30.543356+09:00,fl0ckfl0ck.info,120.50.131.112,8.8.8.8
205,2018-01-25 08:02:30.576731+09:00,fl0ckfl0ck.info,120.50.131.112,8.8.8.8
206,2018-01-25 09:02:30.593125+09:00,fl0ckfl0ck.info,120.50.131.112,8.8.8.8
207,2018-01-25 10:02:30.685531+09:00,fl0ckfl0ck.info,120.50.131.112,8.8.8.8
208,2018-01-25 11:02:31.717502+09:00,fl0ckfl0ck.info,120.50.131.112,8.8.8.8
209,2018-01-25 12:02:31.748751+09:00,fl0ckfl0ck.info,120.50.131.112,8.8.8.8
210,2018-01-25 13:02:31.779600+09:00,fl0ckfl0ck.info,120.50.131.112,8.8.8.8
211,2018-01-25 14:02:31.810671+09:00,fl0ckfl0ck.info,120.50.131.112,8.8.8.8
212,2018-01-25 15:02:31.842324+09:00,fl0ckfl0ck.info,120.50.131.112,8.8.8.8
213,2018-01-25 16:02:31.873969+09:00,fl0ckfl0ck.info,120.50.131.112,8.8.8.8
214,2018-01-25 17:02:31.959621+09:00,fl0ckfl0ck.info,120.50.131.112,8.8.8.8
215,2018-01-25 18:02:31.991101+09:00,fl0ckfl0ck.info,120.50.131.112,8.8.8.8
216,2018-01-25 19:02:32.023153+09:00,fl0ckfl0ck.info,120.50.131.112,8.8.8.8
217,2018-01-25 20:02:32.108287+09:00,fl0ckfl0ck.info,120.50.131.112,8.8.8.8
218,2018-01-25 21:02:32.139876+09:00,fl0ckfl0ck.info,120.50.131.112,8.8.8.8
219,2018-01-25 22:02:32.171356+09:00,fl0ckfl0ck.info,120.50.131.112,8.8.8.8
220,2018-01-25 23:02:32.202684+09:00,fl0ckfl0ck.info,120.50.131.112,8.8.8.8
221,2018-01-26 00:02:32.233468+09:00,fl0ckfl0ck.info,120.50.131.112,8.8.8.8
222,2018-01-26 01:02:32.264658+09:00,fl0ckfl0ck.info,120.50.131.112,8.8.8.8
223,2018-01-26 02:02:32.295777+09:00,fl0ckfl0ck.info,120.50.131.112,8.8.8.8
224,2018-01-26 03:02:32.328832+09:00,fl0ckfl0ck.info,120.50.131.112,8.8.8.8
225,2018-01-26 04:02:32.346410+09:00,fl0ckfl0ck.info,120.50.131.112,8.8.8.8
226,2018-01-26 05:02:32.378781+09:00,fl0ckfl0ck.info,120.50.131.112,8.8.8.8
227,2018-01-26 06:02:32.410972+09:00,fl0ckfl0ck.info,120.50.131.112,8.8.8.8
228,2018-01-26 07:02:32.523887+09:00,fl0ckfl0ck.info,120.50.131.112,8.8.8.8
229,2018-01-26 08:02:32.556171+09:00,fl0ckfl0ck.info,120.50.131.112,8.8.8.8
230,2018-01-26 09:02:32.668657+09:00,fl0ckfl0ck.info,120.50.131.112,8.8.8.8
231,2018-01-26 10:02:32.700189+09:00,fl0ckfl0ck.info,120.50.131.112,8.8.8.8
232,2018-01-26 11:02:32.717805+09:00,fl0ckfl0ck.info,120.50.131.112,8.8.8.8
233,2018-01-26 12:02:32.803972+09:00,fl0ckfl0ck.info,120.50.131.112,8.8.8.8
234,2018-01-26 13:02:32.835157+09:00,fl0ckfl0ck.info,120.50.131.112,8.8.8.8
235,2018-01-26 14:02:32.951809+09:00,fl0ckfl0ck.info,116.67.83.27,8.8.8.8
236,2018-01-26 15:02:32.991125+09:00,fl0ckfl0ck.info,116.67.83.27,8.8.8.8
237,2018-01-26 16:02:33.022534+09:00,fl0ckfl0ck.info,116.67.83.27,8.8.8.8
238,2018-01-26 17:02:33.054338+09:00,fl0ckfl0ck.info,116.67.83.27,8.8.8.8
239,2018-01-26 18:02:33.091603+09:00,fl0ckfl0ck.info,116.67.83.27,8.8.8.8
240,2018-01-26 19:02:33.204035+09:00,fl0ckfl0ck.info,116.67.83.27,8.8.8.8
241,2018-01-26 20:02:33.235206+09:00,fl0ckfl0ck.info,116.67.83.27,8.8.8.8
242,2018-01-26 21:02:33.267471+09:00,fl0ckfl0ck.info,116.67.83.27,8.8.8.8
243,2018-01-26 22:02:33.301522+09:00,fl0ckfl0ck.info,116.67.83.27,8.8.8.8
244,2018-01-26 23:02:33.411945+09:00,fl0ckfl0ck.info,116.67.83.27,8.8.8.8
245,2018-01-27 00:02:33.443242+09:00,fl0ckfl0ck.info,116.67.83.27,8.8.8.8
246,2018-01-27 01:02:33.459890+09:00,fl0ckfl0ck.info,116.67.83.27,8.8.8.8
247,2018-01-27 02:02:33.491001+09:00,fl0ckfl0ck.info,116.67.83.27,8.8.8.8
248,2018-01-27 03:02:33.508109+09:00,fl0ckfl0ck.info,116.67.83.27,8.8.8.8
249,2018-01-27 04:02:33.540065+09:00,fl0ckfl0ck.info,116.67.83.27,8.8.8.8
250,2018-01-27 05:02:33.625904+09:00,fl0ckfl0ck.info,116.67.83.27,8.8.8.8
251,2018-01-27 06:02:33.657980+09:00,fl0ckfl0ck.info,116.67.83.27,8.8.8.8
252,2018-01-27 07:02:33.688774+09:00,fl0ckfl0ck.info,116.67.83.27,8.8.8.8
253,2018-01-27 08:02:33.720641+09:00,fl0ckfl0ck.info,116.67.83.27,8.8.8.8
254,2018-01-27 09:02:33.831620+09:00,fl0ckfl0ck.info,116.67.83.27,8.8.8.8
255,2018-01-27 10:02:33.862270+09:00,fl0ckfl0ck.info,116.67.83.27,8.8.8.8
256,2018-01-27 11:02:33.893544+09:00,fl0ckfl0ck.info,116.67.83.27,8.8.8.8
257,2018-01-27 12:02:34.006637+09:00,fl0ckfl0ck.info,116.67.83.27,8.8.8.8
258,2018-01-27 13:02:34.037525+09:00,fl0ckfl0ck.info,116.67.83.27,8.8.8.8
259,2018-01-27 14:02:34.149103+09:00,fl0ckfl0ck.info,116.67.83.27,8.8.8.8
260,2018-01-27 15:02:34.181950+09:00,fl0ckfl0ck.info,116.67.83.27,8.8.8.8
261,2018-01-27 16:02:34.214390+09:00,fl0ckfl0ck.info,116.67.83.27,8.8.8.8
262,2018-01-27 17:02:34.245567+09:00,fl0ckfl0ck.info,116.67.83.27,8.8.8.8
263,2018-01-27 18:02:34.276628+09:00,fl0ckfl0ck.info,116.67.83.27,8.8.8.8
264,2018-01-27 19:02:34.361365+09:00,fl0ckfl0ck.info,116.67.83.27,8.8.8.8
265,2018-01-27 20:02:34.475164+09:00,fl0ckfl0ck.info,116.67.83.27,8.8.8.8
266,2018-01-27 21:02:34.497608+09:00,fl0ckfl0ck.info,116.67.83.27,8.8.8.8
267,2018-01-27 22:02:34.585332+09:00,fl0ckfl0ck.info,116.67.83.27,8.8.8.8
268,2018-01-27 23:02:34.616440+09:00,fl0ckfl0ck.info,116.67.83.27,8.8.8.8
269,2018-01-28 00:02:34.704519+09:00,fl0ckfl0ck.info,116.67.83.27,8.8.8.8
270,2018-01-28 01:02:34.793344+09:00,fl0ckfl0ck.info,116.67.83.27,8.8.8.8
271,2018-01-28 02:02:34.825496+09:00,fl0ckfl0ck.info,116.67.83.27,8.8.8.8
272,2018-01-28 03:02:34.842325+09:00,fl0ckfl0ck.info,116.67.83.27,8.8.8.8
273,2018-01-28 04:02:34.874686+09:00,fl0ckfl0ck.info,116.67.83.27,8.8.8.8
274,2018-01-28 05:02:34.905572+09:00,fl0ckfl0ck.info,116.67.83.27,8.8.8.8
275,2018-01-28 06:02:34.936663+09:00,fl0ckfl0ck.info,116.67.83.27,8.8.8.8
276,2018-01-28 07:02:35.023383+09:00,fl0ckfl0ck.info,116.67.83.27,8.8.8.8
277,2018-01-28 08:02:35.040670+09:00,fl0ckfl0ck.info,116.67.83.27,8.8.8.8
278,2018-01-28 09:02:35.072339+09:00,fl0ckfl0ck.info,116.67.83.27,8.8.8.8
279,2018-01-28 10:02:35.102382+09:00,fl0ckfl0ck.info,116.67.83.27,8.8.8.8
280,2018-01-28 11:02:35.214872+09:00,fl0ckfl0ck.info,116.67.83.27,8.8.8.8
281,2018-01-28 12:02:35.302407+09:00,fl0ckfl0ck.info,116.67.83.27,8.8.8.8
282,2018-01-28 13:02:35.333787+09:00,fl0ckfl0ck.info,116.67.83.27,8.8.8.8
283,2018-01-28 14:02:35.351311+09:00,fl0ckfl0ck.info,116.67.83.27,8.8.8.8
284,2018-01-28 15:02:36.384633+09:00,fl0ckfl0ck.info,116.67.83.27,8.8.8.8
285,2018-01-28 16:02:36.472322+09:00,fl0ckfl0ck.info,116.67.83.27,8.8.8.8
286,2018-01-28 17:02:36.503710+09:00,fl0ckfl0ck.info,116.67.83.27,8.8.8.8
287,2018-01-28 18:02:36.521292+09:00,fl0ckfl0ck.info,116.67.83.27,8.8.8.8
288,2018-01-28 19:02:36.554038+09:00,fl0ckfl0ck.info,116.67.83.27,8.8.8.8
289,2018-01-28 20:02:36.584869+09:00,fl0ckfl0ck.info,116.67.83.27,8.8.8.8
290,2018-01-28 21:02:36.617760+09:00,fl0ckfl0ck.info,116.67.83.27,8.8.8.8
291,2018-01-28 22:02:36.729917+09:00,fl0ckfl0ck.info,116.67.83.27,8.8.8.8
292,2018-01-28 23:02:36.760172+09:00,fl0ckfl0ck.info,116.67.83.27,8.8.8.8
293,2018-01-29 00:02:36.791500+09:00,fl0ckfl0ck.info,116.67.83.27,8.8.8.8
294,2018-01-29 01:02:36.823192+09:00,fl0ckfl0ck.info,116.67.83.27,8.8.8.8
295,2018-01-29 02:02:36.854846+09:00,fl0ckfl0ck.info,116.67.83.27,8.8.8.8
296,2018-01-29 03:02:36.886124+09:00,fl0ckfl0ck.info,116.67.83.27,8.8.8.8
297,2018-01-29 04:02:36.905499+09:00,fl0ckfl0ck.info,116.67.83.27,8.8.8.8
298,2018-01-29 05:02:36.937051+09:00,fl0ckfl0ck.info,116.67.83.27,8.8.8.8
299,2018-01-29 06:02:36.969023+09:00,fl0ckfl0ck.info,116.67.83.27,8.8.8.8
300,2018-01-29 07:02:37.058432+09:00,fl0ckfl0ck.info,116.67.83.27,8.8.8.8
301,2018-01-29 08:02:37.144015+09:00,fl0ckfl0ck.info,116.67.83.27,8.8.8.8
302,2018-01-29 09:02:37.163623+09:00,fl0ckfl0ck.info,116.67.83.27,8.8.8.8
303,2018-01-29 10:02:37.194676+09:00,fl0ckfl0ck.info,116.67.83.27,8.8.8.8
304,2018-01-29 11:02:37.376217+09:00,fl0ckfl0ck.info,116.67.83.27,8.8.8.8
305,2018-01-29 12:02:37.487961+09:00,fl0ckfl0ck.info,116.67.83.27,8.8.8.8
306,2018-01-29 13:02:37.504845+09:00,fl0ckfl0ck.info,116.67.83.27,8.8.8.8
307,2018-01-29 14:02:37.536551+09:00,fl0ckfl0ck.info,116.67.83.27,8.8.8.8
308,2018-01-29 15:02:37.567061+09:00,fl0ckfl0ck.info,116.67.83.27,8.8.8.8
309,2018-01-29 16:02:37.678062+09:00,fl0ckfl0ck.info,116.67.83.27,8.8.8.8
310,2018-01-29 17:02:37.710949+09:00,fl0ckfl0ck.info,116.67.83.27,8.8.8.8
311,2018-01-29 18:02:37.741645+09:00,fl0ckfl0ck.info,116.67.83.27,8.8.8.8
312,2018-01-29 19:02:37.758597+09:00,fl0ckfl0ck.info,116.67.83.27,8.8.8.8
313,2018-01-29 20:02:37.775272+09:00,fl0ckfl0ck.info,116.67.83.27,8.8.8.8
314,2018-01-29 21:02:37.887953+09:00,fl0ckfl0ck.info,116.67.83.27,8.8.8.8
315,2018-01-29 22:02:37.920630+09:00,fl0ckfl0ck.info,116.67.83.27,8.8.8.8
316,2018-01-29 23:02:37.958641+09:00,fl0ckfl0ck.info,116.67.83.27,8.8.8.8
317,2018-01-30 00:02:37.990352+09:00,fl0ckfl0ck.info,116.67.83.27,8.8.8.8
318,2018-01-30 01:02:38.022270+09:00,fl0ckfl0ck.info,116.67.83.27,8.8.8.8
319,2018-01-30 02:02:38.041856+09:00,fl0ckfl0ck.info,116.67.83.27,8.8.8.8
320,2018-01-30 03:02:38.074149+09:00,fl0ckfl0ck.info,116.67.83.27,8.8.8.8
321,2018-01-30 04:02:38.105285+09:00,fl0ckfl0ck.info,116.67.83.27,8.8.8.8
322,2018-01-30 05:02:38.136668+09:00,fl0ckfl0ck.info,116.67.83.27,8.8.8.8
323,2018-01-30 06:02:38.154814+09:00,fl0ckfl0ck.info,116.67.83.27,8.8.8.8
324,2018-01-30 07:02:38.172300+09:00,fl0ckfl0ck.info,116.67.83.27,8.8.8.8
325,2018-01-30 08:02:38.203662+09:00,fl0ckfl0ck.info,116.67.83.27,8.8.8.8
326,2018-01-30 09:02:38.235570+09:00,fl0ckfl0ck.info,116.67.83.27,8.8.8.8
327,2018-01-30 10:02:38.252593+09:00,fl0ckfl0ck.info,116.67.83.27,8.8.8.8
328,2018-01-30 11:02:38.283821+09:00,fl0ckfl0ck.info,116.67.83.27,8.8.8.8
329,2018-01-30 12:02:38.300945+09:00,fl0ckfl0ck.info,116.67.83.27,8.8.8.8
330,2018-01-30 13:02:38.332846+09:00,fl0ckfl0ck.info,116.67.83.27,8.8.8.8
331,2018-01-30 14:02:38.363917+09:00,fl0ckfl0ck.info,116.67.83.27,8.8.8.8
332,2018-01-30 15:02:38.397304+09:00,fl0ckfl0ck.info,116.67.83.27,8.8.8.8
333,2018-01-30 16:02:38.431267+09:00,fl0ckfl0ck.info,116.67.83.27,8.8.8.8
334,2018-01-30 17:02:38.615067+09:00,fl0ckfl0ck.info,116.67.83.27,8.8.8.8
335,2018-01-30 18:02:38.647577+09:00,fl0ckfl0ck.info,116.67.83.27,8.8.8.8
336,2018-01-30 19:02:38.679800+09:00,fl0ckfl0ck.info,116.67.83.27,8.8.8.8
337,2018-01-30 20:02:38.773988+09:00,fl0ckfl0ck.info,116.67.83.27,8.8.8.8
338,2018-01-30 21:02:38.806363+09:00,fl0ckfl0ck.info,116.67.83.27,8.8.8.8
339,2018-01-30 22:02:38.837245+09:00,fl0ckfl0ck.info,116.67.83.27,8.8.8.8
340,2018-01-30 23:02:38.869020+09:00,fl0ckfl0ck.info,116.67.83.27,8.8.8.8
341,2018-01-31 00:02:38.887705+09:00,fl0ckfl0ck.info,116.67.83.27,8.8.8.8
342,2018-01-31 01:02:38.919075+09:00,fl0ckfl0ck.info,116.67.83.27,8.8.8.8
343,2018-01-31 02:02:38.951503+09:00,fl0ckfl0ck.info,116.67.83.27,8.8.8.8
344,2018-01-31 03:02:38.984523+09:00,fl0ckfl0ck.info,116.67.83.27,8.8.8.8
345,2018-01-31 04:02:39.016621+09:00,fl0ckfl0ck.info,116.67.83.27,8.8.8.8
346,2018-01-31 05:02:39.128741+09:00,fl0ckfl0ck.info,116.67.83.27,8.8.8.8
347,2018-01-31 06:02:39.241642+09:00,fl0ckfl0ck.info,116.67.83.27,8.8.8.8
348,2018-01-31 07:02:39.271835+09:00,fl0ckfl0ck.info,116.67.83.27,8.8.8.8
349,2018-01-31 08:02:39.363105+09:00,fl0ckfl0ck.info,116.67.83.27,8.8.8.8
350,2018-01-31 09:02:39.394615+09:00,fl0ckfl0ck.info,116.67.83.27,8.8.8.8
351,2018-01-31 10:02:39.427054+09:00,fl0ckfl0ck.info,116.67.83.27,8.8.8.8
352,2018-01-31 11:02:39.459094+09:00,fl0ckfl0ck.info,116.67.83.27,8.8.8.8
353,2018-01-31 12:02:39.491703+09:00,fl0ckfl0ck.info,116.67.83.27,8.8.8.8
354,2018-01-31 13:02:39.524527+09:00,fl0ckfl0ck.info,116.67.83.27,8.8.8.8
355,2018-01-31 14:02:39.555623+09:00,fl0ckfl0ck.info,116.67.83.27,8.8.8.8
356,2018-01-31 15:02:39.668740+09:00,fl0ckfl0ck.info,116.67.83.27,8.8.8.8
357,2018-01-31 16:02:39.700858+09:00,fl0ckfl0ck.info,116.67.83.27,8.8.8.8
358,2018-01-31 17:02:39.732779+09:00,fl0ckfl0ck.info,116.67.83.27,8.8.8.8
359,2018-01-31 18:02:39.847620+09:00,fl0ckfl0ck.info,116.67.83.27,8.8.8.8
360,2018-01-31 19:02:39.866059+09:00,fl0ckfl0ck.info,116.67.83.27,8.8.8.8
361,2018-01-31 20:02:39.897747+09:00,fl0ckfl0ck.info,116.67.83.27,8.8.8.8
362,2018-01-31 21:02:39.929356+09:00,fl0ckfl0ck.info,116.67.83.27,8.8.8.8
363,2018-01-31 22:02:39.961634+09:00,fl0ckfl0ck.info,116.67.83.27,8.8.8.8
364,2018-01-31 23:02:40.143505+09:00,fl0ckfl0ck.info,116.67.83.27,8.8.8.8
365,2018-02-01 00:02:40.174726+09:00,fl0ckfl0ck.info,116.67.83.27,8.8.8.8
366,2018-02-01 01:02:40.205427+09:00,fl0ckfl0ck.info,116.67.83.27,8.8.8.8
367,2018-02-01 02:02:40.291744+09:00,fl0ckfl0ck.info,116.67.83.27,8.8.8.8
368,2018-02-01 03:02:40.322919+09:00,fl0ckfl0ck.info,116.67.83.27,8.8.8.8
369,2018-02-01 04:02:40.354103+09:00,fl0ckfl0ck.info,116.67.83.27,8.8.8.8
370,2018-02-01 05:02:40.391857+09:00,fl0ckfl0ck.info,116.67.83.27,8.8.8.8
371,2018-02-01 06:02:40.506454+09:00,fl0ckfl0ck.info,116.67.83.27,8.8.8.8
372,2018-02-01 07:02:40.524692+09:00,fl0ckfl0ck.info,116.67.83.27,8.8.8.8
373,2018-02-01 08:02:40.557097+09:00,fl0ckfl0ck.info,116.67.83.27,8.8.8.8
374,2018-02-01 09:02:40.650153+09:00,fl0ckfl0ck.info,116.67.83.27,8.8.8.8
375,2018-02-01 10:02:40.680733+09:00,fl0ckfl0ck.info,116.67.83.27,8.8.8.8
376,2018-02-01 11:02:40.794938+09:00,fl0ckfl0ck.info,116.67.83.27,8.8.8.8
377,2018-02-01 12:02:40.826856+09:00,fl0ckfl0ck.info,116.67.83.27,8.8.8.8
378,2018-02-01 13:02:40.861229+09:00,fl0ckfl0ck.info,116.67.83.27,8.8.8.8
379,2018-02-01 14:02:40.893842+09:00,fl0ckfl0ck.info,116.67.83.27,8.8.8.8
380,2018-02-01 15:02:40.926602+09:00,fl0ckfl0ck.info,116.67.83.27,8.8.8.8
381,2018-02-01 16:02:40.959083+09:00,fl0ckfl0ck.info,116.67.83.27,8.8.8.8
382,2018-02-01 17:02:40.990253+09:00,fl0ckfl0ck.info,116.67.83.27,8.8.8.8
383,2018-02-01 18:02:41.022446+09:00,fl0ckfl0ck.info,116.67.83.27,8.8.8.8
384,2018-02-01 19:02:41.053757+09:00,fl0ckfl0ck.info,116.67.83.27,8.8.8.8
385,2018-02-01 20:02:41.084892+09:00,fl0ckfl0ck.info,116.67.83.27,8.8.8.8
386,2018-02-01 21:02:41.101835+09:00,fl0ckfl0ck.info,116.67.83.27,8.8.8.8
387,2018-02-01 22:02:41.136224+09:00,fl0ckfl0ck.info,116.67.83.27,8.8.8.8
388,2018-02-01 23:02:41.167235+09:00,fl0ckfl0ck.info,116.67.83.27,8.8.8.8
389,2018-02-02 00:02:41.281672+09:00,fl0ckfl0ck.info,116.67.83.27,8.8.8.8
390,2018-02-02 01:02:41.315757+09:00,fl0ckfl0ck.info,116.67.83.27,8.8.8.8
391,2018-02-02 02:02:41.347358+09:00,fl0ckfl0ck.info,116.67.83.27,8.8.8.8
392,2018-02-02 03:02:41.439963+09:00,fl0ckfl0ck.info,116.67.83.27,8.8.8.8
393,2018-02-02 04:02:41.471519+09:00,fl0ckfl0ck.info,116.67.83.27,8.8.8.8
394,2018-02-02 05:02:41.503470+09:00,fl0ckfl0ck.info,116.67.83.27,8.8.8.8
395,2018-02-02 06:02:41.535579+09:00,fl0ckfl0ck.info,116.67.83.27,8.8.8.8
396,2018-02-02 07:02:41.568877+09:00,fl0ckfl0ck.info,116.67.83.27,8.8.8.8
397,2018-02-02 08:02:41.586793+09:00,fl0ckfl0ck.info,116.67.83.27,8.8.8.8
398,2018-02-02 09:02:41.619136+09:00,fl0ckfl0ck.info,116.67.83.27,8.8.8.8
399,2018-02-02 10:02:41.650438+09:00,fl0ckfl0ck.info,116.67.83.27,8.8.8.8
400,2018-02-02 11:02:41.682747+09:00,fl0ckfl0ck.info,116.67.83.27,8.8.8.8
401,2018-02-02 12:02:41.714411+09:00,fl0ckfl0ck.info,116.67.83.27,8.8.8.8
402,2018-02-02 13:02:41.747437+09:00,fl0ckfl0ck.info,116.67.83.27,8.8.8.8
403,2018-02-02 14:02:41.778854+09:00,fl0ckfl0ck.info,116.67.83.27,8.8.8.8
404,2018-02-02 15:02:41.811273+09:00,fl0ckfl0ck.info,116.67.83.27,8.8.8.8
405,2018-02-02 16:02:41.843389+09:00,fl0ckfl0ck.info,116.67.83.27,8.8.8.8
406,2018-02-02 17:02:41.875787+09:00,fl0ckfl0ck.info,116.67.83.27,8.8.8.8
407,2018-02-02 18:02:41.908620+09:00,fl0ckfl0ck.info,116.67.83.27,8.8.8.8
408,2018-02-02 19:02:41.941061+09:00,fl0ckfl0ck.info,116.67.83.27,8.8.8.8
409,2018-02-02 20:02:41.957933+09:00,fl0ckfl0ck.info,116.67.83.27,8.8.8.8
410,2018-02-02 21:02:41.989809+09:00,fl0ckfl0ck.info,116.67.83.27,8.8.8.8
411,2018-02-02 22:02:42.025200+09:00,fl0ckfl0ck.info,116.67.83.27,8.8.8.8
412,2018-02-02 23:02:42.057044+09:00,fl0ckfl0ck.info,116.67.83.27,8.8.8.8
413,2018-02-03 00:02:42.089168+09:00,fl0ckfl0ck.info,116.67.83.27,8.8.8.8
414,2018-02-03 01:02:42.122316+09:00,fl0ckfl0ck.info,116.67.83.27,8.8.8.8
415,2018-02-03 02:02:42.153923+09:00,fl0ckfl0ck.info,116.67.83.27,8.8.8.8
416,2018-02-03 03:02:42.185549+09:00,fl0ckfl0ck.info,116.67.83.27,8.8.8.8
417,2018-02-03 04:02:42.216985+09:00,fl0ckfl0ck.info,116.67.83.27,8.8.8.8
418,2018-02-03 05:02:42.249060+09:00,fl0ckfl0ck.info,116.67.83.27,8.8.8.8
419,2018-02-03 06:02:42.266125+09:00,fl0ckfl0ck.info,116.67.83.27,8.8.8.8
420,2018-02-03 07:02:42.299457+09:00,fl0ckfl0ck.info,116.67.83.27,8.8.8.8
421,2018-02-03 08:02:42.388868+09:00,fl0ckfl0ck.info,116.67.83.27,8.8.8.8
422,2018-02-03 09:02:42.474891+09:00,fl0ckfl0ck.info,116.67.83.27,8.8.8.8
423,2018-02-03 10:02:42.507324+09:00,fl0ckfl0ck.info,116.67.83.27,8.8.8.8
424,2018-02-03 11:02:42.539975+09:00,fl0ckfl0ck.info,116.67.83.27,8.8.8.8
425,2018-02-03 12:02:42.571492+09:00,fl0ckfl0ck.info,116.67.83.27,8.8.8.8
426,2018-02-03 13:02:42.603148+09:00,fl0ckfl0ck.info,116.67.83.27,8.8.8.8
427,2018-02-03 14:02:42.620812+09:00,fl0ckfl0ck.info,116.67.83.27,8.8.8.8
428,2018-02-03 15:02:43.654773+09:00,fl0ckfl0ck.info,116.67.83.27,8.8.8.8
429,2018-02-03 16:02:43.743432+09:00,fl0ckfl0ck.info,116.67.83.27,8.8.8.8
430,2018-02-03 17:02:43.775836+09:00,fl0ckfl0ck.info,116.67.83.27,8.8.8.8
431,2018-02-03 18:02:43.809516+09:00,fl0ckfl0ck.info,116.67.83.27,8.8.8.8
432,2018-02-03 19:02:43.841371+09:00,fl0ckfl0ck.info,116.67.83.27,8.8.8.8
433,2018-02-03 20:02:43.873937+09:00,fl0ckfl0ck.info,116.67.83.27,8.8.8.8
434,2018-02-03 21:02:43.960101+09:00,fl0ckfl0ck.info,116.67.83.27,8.8.8.8
435,2018-02-03 22:02:43.992831+09:00,fl0ckfl0ck.info,116.67.83.27,8.8.8.8
436,2018-02-03 23:02:44.106674+09:00,fl0ckfl0ck.info,116.67.83.27,8.8.8.8
437,2018-02-04 00:02:44.288946+09:00,fl0ckfl0ck.info,116.67.83.27,8.8.8.8
438,2018-02-04 01:02:44.403733+09:00,fl0ckfl0ck.info,116.67.83.27,8.8.8.8
439,2018-02-04 02:02:44.421610+09:00,fl0ckfl0ck.info,116.67.83.27,8.8.8.8
440,2018-02-04 03:02:45.454123+09:00,fl0ckfl0ck.info,116.67.83.27,8.8.8.8
441,2018-02-04 04:02:45.486518+09:00,fl0ckfl0ck.info,116.67.83.27,8.8.8.8
442,2018-02-04 05:02:45.600064+09:00,fl0ckfl0ck.info,116.67.83.27,8.8.8.8
443,2018-02-04 06:02:45.633016+09:00,fl0ckfl0ck.info,116.67.83.27,8.8.8.8
444,2018-02-04 07:02:45.665277+09:00,fl0ckfl0ck.info,116.67.83.27,8.8.8.8
445,2018-02-04 08:02:45.697251+09:00,fl0ckfl0ck.info,116.67.83.27,8.8.8.8
446,2018-02-04 09:02:45.782463+09:00,fl0ckfl0ck.info,116.67.83.27,8.8.8.8
447,2018-02-04 10:02:45.815825+09:00,fl0ckfl0ck.info,116.67.83.27,8.8.8.8
448,2018-02-04 11:02:45.902101+09:00,fl0ckfl0ck.info,116.67.83.27,8.8.8.8
449,2018-02-04 12:02:45.935507+09:00,fl0ckfl0ck.info,116.67.83.27,8.8.8.8
450,2018-02-04 13:02:45.966635+09:00,fl0ckfl0ck.info,116.67.83.27,8.8.8.8
451,2018-02-04 14:02:45.997853+09:00,fl0ckfl0ck.info,116.67.83.27,8.8.8.8
452,2018-02-04 15:02:46.029617+09:00,fl0ckfl0ck.info,116.67.83.27,8.8.8.8
453,2018-02-04 16:02:46.060894+09:00,fl0ckfl0ck.info,116.67.83.27,8.8.8.8
454,2018-02-04 17:02:46.107407+09:00,fl0ckfl0ck.info,116.67.83.27,8.8.8.8
455,2018-02-04 18:02:46.138960+09:00,fl0ckfl0ck.info,116.67.83.27,8.8.8.8
456,2018-02-04 19:02:46.224083+09:00,fl0ckfl0ck.info,116.67.83.27,8.8.8.8
457,2018-02-04 20:02:46.256173+09:00,fl0ckfl0ck.info,116.67.83.27,8.8.8.8
458,2018-02-04 21:02:46.287418+09:00,fl0ckfl0ck.info,116.67.83.27,8.8.8.8
459,2018-02-04 22:02:46.319951+09:00,fl0ckfl0ck.info,116.67.83.27,8.8.8.8
460,2018-02-04 23:02:46.353255+09:00,fl0ckfl0ck.info,116.67.83.27,8.8.8.8
461,2018-02-05 00:02:46.535764+09:00,fl0ckfl0ck.info,116.67.83.27,8.8.8.8
462,2018-02-05 01:02:46.567585+09:00,fl0ckfl0ck.info,116.67.83.27,8.8.8.8
463,2018-02-05 02:02:46.599416+09:00,fl0ckfl0ck.info,116.67.83.27,8.8.8.8
464,2018-02-05 03:02:46.616933+09:00,fl0ckfl0ck.info,116.67.83.27,8.8.8.8
465,2018-02-05 04:02:46.729912+09:00,fl0ckfl0ck.info,116.67.83.27,8.8.8.8
466,2018-02-05 05:02:46.762179+09:00,fl0ckfl0ck.info,116.67.83.27,8.8.8.8
467,2018-02-05 06:02:46.779405+09:00,fl0ckfl0ck.info,116.67.83.27,8.8.8.8
468,2018-02-05 07:02:46.890930+09:00,fl0ckfl0ck.info,116.67.83.27,8.8.8.8
469,2018-02-05 08:02:46.922979+09:00,fl0ckfl0ck.info,116.67.83.27,8.8.8.8
470,2018-02-05 09:02:47.015747+09:00,fl0ckfl0ck.info,116.67.83.27,8.8.8.8
471,2018-02-05 10:02:47.047278+09:00,fl0ckfl0ck.info,116.67.83.27,8.8.8.8
472,2018-02-05 11:02:47.082175+09:00,fl0ckfl0ck.info,116.67.83.27,8.8.8.8
473,2018-02-05 12:02:47.113950+09:00,fl0ckfl0ck.info,116.67.83.27,8.8.8.8
474,2018-02-05 13:02:47.132162+09:00,fl0ckfl0ck.info,116.67.83.27,8.8.8.8
475,2018-02-05 14:02:47.164124+09:00,fl0ckfl0ck.info,116.67.83.27,8.8.8.8
476,2018-02-05 15:02:47.198108+09:00,fl0ckfl0ck.info,116.67.83.27,8.8.8.8
477,2018-02-05 16:02:47.230104+09:00,fl0ckfl0ck.info,116.67.83.27,8.8.8.8
478,2018-02-05 17:02:47.261981+09:00,fl0ckfl0ck.info,116.67.83.27,8.8.8.8
